2017,6,7,保険料,保険料の支払い,現金,111
2017,6,8,通信費, 通信費の支払い,現金,222
2017,6,9,ガソリン代,ガソリン代の支払い,現金,333
2017,6,9,水道光熱費,水道光熱費の支払い,現金,444
2017,6,9,租税公課,租税公課の支払い,現金,555
2017,6,9,事務用消耗品費,事務用消耗品費の支払い,現金,666
2017,6,9,備品消耗品費,備品消耗品費の支払い,現金,777
2017,6,9,旅費交通費,旅費交通費の支払い,現金,888
2017,6,9,修繕費,修繕費の支払い,現金,999